0,10.0
1,10.0
2,10.0
5,10.0
8,10.0
9,10.0
11,10.0
21,10.0
22,10.0
24,10.0
25,10.0
26,10.0
27,10.0
28,10.0
35,10.0
36,10.0
37,10.0
38,10.0
39,10.0
40,10.0
42,10.0
46,10.0
56,10.0
66,10.0
75,10.0
77,10.0
80,10.0
82,10.0
83,10.0
85,10.0
87,10.0
90,10.0
92,10.0
93,10.0
94,10.0
95,10.0
96,10.0
99,10.0
100,10.0
101,10.0
102,10.0
106,10.0
107,10.0
120,10.0
135,10.0
140,10.0
142,10.0
145,10.0
146,10.0
154,10.0
155,10.0
156,10.0
157,10.0
161,10.0
176,10.0
195,10.0
196,10.0
197,10.0
198,10.0
199,10.0
200,10.0
201,10.0
214,10.0
220,10.0
221,10.0
224,10.0
229,10.0
232,10.0
233,10.0
236,10.0
238,10.0
242,10.0
244,10.0
248,10.0
255,10.0
257,10.0
258,10.0
260,10.0
261,10.0
271,10.0
273,10.0
275,10.0
277,10.0
279,10.0
280,10.0
286,10.0
287,10.0
293,10.0
299,10.0
306,10.0
307,10.0
308,10.0
317,10.0
321,10.0
323,10.0
326,10.0
327,10.0
330,10.0
332,10.0
333,10.0
336,10.0
341,10.0
343,10.0
344,10.0
348,10.0
353,10.0
354,10.0
358,10.0
359,10.0
363,10.0
364,10.0
365,10.0
366,10.0
367,10.0
369,10.0
371,10.0
372,10.0
376,10.0
377,10.0
1021,10.0
1323,10.0
1820,10.0
2677,10.0
3211,10.0
3587,10.0
160,9.0
252,9.0
265,9.0
269,9.0
282,9.0
3032,9.0
86,9.0
23,9.0
259,9.0
362,9.0
49,9.0
98,9.0
262,9.0
338,9.0
2086,9.0
254,9.0
274,9.0
315,9.0
337,9.0
128,9.0
97,9.0
215,9.0
1429,9.0
12,8.0
159,8.0
964,8.0
2872,8.0
17,8.0
2544,8.0
41,8.0
240,8.0
1170,8.0
137,8.0
4,8.0
324,8.0
33,8.0
7,8.0
3294,8.0
342,8.0
707,8.0
78,8.0
136,8.0
225,8.0
74,8.0
2069,8.0
2333,8.0
800,8.0
712,8.0
2076,8.0
104,8.0
2731,8.0
795,8.0
368,8.0
373,8.0
170,8.0
1585,8.0
2357,8.0
3334,7.0
1942,7.0
3247,7.0
2078,7.0
2146,7.0
3067,7.0
699,7.0
117,7.0
81,7.0
297,7.0
412,7.0
2381,7.0
378,7.0
276,7.0
923,7.0
346,7.0
2013,7.0
479,7.0
158,7.0
1111,7.0
2679,7.0
1029,7.0
331,7.0
3490,7.0
2589,7.0
2905,7.0
52,7.0
1056,7.0
370,7.0
2163,7.0
907,7.0
908,7.0
2126,7.0
2164,7.0
3868,7.0
322,7.0
264,7.0
270,7.0
2029,6.0
249,6.0
206,6.0
635,6.0
207,6.0
2480,6.0
456,6.0
2441,6.0
1624,6.0
2528,6.0
1013,6.0
2150,6.0
3877,6.0
3425,6.0
942,6.0
2109,6.0
295,6.0
237,6.0
1993,6.0
2582,6.0
1019,6.0
1914,6.0
1011,6.0
167,6.0
2411,6.0
141,6.0
182,6.0
1484,6.0
1802,6.0
256,6.0
1115,6.0
380,6.0
1962,6.0
3019,6.0
2434,6.0
2090,6.0
404,6.0
1925,6.0
325,6.0
1226,6.0
253,6.0
335,6.0
1713,6.0
289,6.0
3018,6.0
2253,6.0
231,6.0
433,6.0
446,6.0
1528,6.0
727,6.0
2189,5.0
2530,5.0
3157,5.0
3473,5.0
2604,5.0
1557,5.0
1810,5.0
1413,5.0
763,5.0
2993,5.0
435,5.0
2475,5.0
2152,5.0
1159,5.0
2234,5.0
1728,5.0
937,5.0
79,5.0
461,5.0
3635,5.0
3824,5.0
662,5.0
1400,5.0
391,5.0
1296,5.0
1512,5.0
3,5.0
3230,5.0
151,5.0
2806,5.0
3190,5.0
421,5.0
305,5.0
3204,5.0
2515,5.0
888,5.0
3030,5.0
67,5.0
1501,5.0
2344,5.0
218,5.0
1580,5.0
1574,5.0
3704,5.0
2505,5.0
1467,5.0
355,5.0
374,5.0
2087,5.0
3666,5.0
1031,5.0
1564,5.0
304,5.0
489,5.0
2391,5.0
2387,5.0
1411,5.0
3631,5.0
611,5.0
3406,5.0
263,5.0
545,5.0
1006,5.0
2584,5.0
3440,5.0
139,5.0
329,5.0
1320,5.0
18,5.0
3697,5.0
3796,5.0
318,5.0
32,5.0
2313,5.0
126,5.0
932,5.0
268,5.0
445,5.0
3044,5.0
163,5.0
437,5.0
2520,5.0
2254,5.0
2125,4.0
309,4.0
448,4.0
3870,4.0
2607,4.0
719,4.0
740,4.0
1371,4.0
3376,4.0
3258,4.0
1098,4.0
3784,4.0
499,4.0
1576,4.0
2209,4.0
1204,4.0
3609,4.0
1359,4.0
1829,4.0
3755,4.0
517,4.0
1175,4.0
1760,4.0
1926,4.0
105,4.0
1643,4.0
133,4.0
1966,4.0
2674,4.0
3695,4.0
2047,4.0
2585,4.0
3035,4.0
2476,4.0
1054,4.0
1638,4.0
64,4.0
2227,4.0
3306,4.0
2107,4.0
853,4.0
3354,4.0
2937,4.0
1195,4.0
1570,4.0
3043,4.0
1834,4.0
2138,4.0
153,4.0
3590,4.0
529,4.0
3531,4.0
1036,4.0
88,4.0
290,4.0
1482,4.0
2929,4.0
2893,4.0
648,4.0
2517,4.0
1058,4.0
2981,4.0
1513,4.0
2204,4.0
302,4.0
2552,4.0
3251,4.0
2904,4.0
1650,4.0
6,4.0
3021,4.0
2673,4.0
1486,4.0
2680,4.0
2752,4.0
553,4.0
3456,4.0
982,4.0
1322,4.0
806,4.0
1213,4.0
2153,4.0
1327,4.0
2735,4.0
65,4.0
2581,4.0
2066,4.0
1759,4.0
2331,4.0
803,4.0
1324,4.0
1877,4.0
395,4.0
1035,4.0
2747,4.0
1518,4.0
784,4.0
2283,4.0
2575,4.0
2743,4.0
116,4.0
2640,4.0
2737,4.0
2947,4.0
1496,4.0
3287,4.0
3257,4.0
2637,4.0
2299,4.0
2964,4.0
3746,4.0
1336,4.0
118,4.0
411,3.0
2374,3.0
2388,3.0
144,3.0
2205,3.0
2616,3.0
1461,3.0
2262,3.0
2316,3.0
2728,3.0
778,3.0
801,3.0
723,3.0
3360,3.0
191,3.0
3122,3.0
2347,3.0
2926,3.0
3809,3.0
3861,3.0
2462,3.0
1784,3.0
543,3.0
3295,3.0
1970,3.0
334,3.0
1774,3.0
3687,3.0
1779,3.0
3493,3.0
686,3.0
452,3.0
1399,3.0
14,3.0
549,3.0
1633,3.0
1948,3.0
2843,3.0
3842,3.0
2143,3.0
3757,3.0
644,3.0
190,3.0
438,3.0
646,3.0
1023,3.0
2057,3.0
1651,3.0
1937,3.0
2497,3.0
522,3.0
2577,3.0
30,3.0
655,3.0
2856,3.0
3669,3.0
579,3.0
665,3.0
1682,3.0
3573,3.0
1199,3.0
2151,3.0
319,3.0
2238,3.0
3422,3.0
3486,3.0
1858,3.0
3036,3.0
2474,3.0
1156,3.0
3560,3.0
3430,3.0
2084,3.0
2050,3.0
3203,3.0
1859,3.0
1470,3.0
356,3.0
1025,3.0
1239,3.0
3304,3.0
3549,3.0
2115,3.0
913,3.0
2239,3.0
3648,3.0
761,3.0
3228,3.0
675,3.0
2089,3.0
2389,3.0
1405,3.0
2106,3.0
2200,3.0
1185,3.0
1822,3.0
3048,3.0
243,3.0
2378,3.0
3558,3.0
531,3.0
2454,3.0
1649,3.0
1457,3.0
978,3.0
3002,3.0
839,3.0
2190,3.0
2651,3.0
773,3.0
1244,3.0
3709,3.0
2469,3.0
71,3.0
1481,3.0
1462,3.0
1951,3.0
2220,3.0
1969,3.0
1523,3.0
2596,3.0
53,3.0
314,3.0
2212,3.0
2056,3.0
1864,3.0
2128,3.0
1514,3.0
658,3.0
718,3.0
2764,3.0
3231,3.0
2060,3.0
2460,3.0
2464,3.0
245,3.0
628,3.0
2393,3.0
3266,3.0
1028,3.0
1980,3.0
347,3.0
1711,3.0
1141,3.0
138,3.0
171,3.0
132,3.0
2137,3.0
731,3.0
1489,3.0
1908,3.0
2559,3.0
1240,3.0
1544,3.0
2123,3.0
1794,3.0
1920,3.0
2317,3.0
3681,3.0
2244,3.0
3238,3.0
3167,3.0
3377,3.0
733,3.0
866,3.0
2830,3.0
3810,3.0
1412,3.0
43,3.0
1273,3.0
2529,3.0
3187,3.0
3505,3.0
622,3.0
1604,3.0
2067,3.0
2785,3.0
3516,3.0
1341,3.0
654,2.0
666,2.0
760,2.0
868,2.0
1460,2.0
1977,2.0
3857,2.0
551,2.0
1526,2.0
1755,2.0
1842,2.0
2676,2.0
3126,2.0
103,2.0
613,2.0
1592,2.0
1816,2.0
2240,2.0
2306,2.0
3013,2.0
3554,2.0
3791,2.0
724,2.0
865,2.0
992,2.0
1000,2.0
1417,2.0
1705,2.0
2437,2.0
3727,2.0
162,2.0
1005,2.0
1114,2.0
1318,2.0
1522,2.0
1998,2.0
2490,2.0
2550,2.0
3023,2.0
3454,2.0
3584,2.0
3634,2.0
623,2.0
705,2.0
1108,2.0
2487,2.0
2712,2.0
2845,2.0
3074,2.0
3226,2.0
3344,2.0
228,2.0
678,2.0
2197,2.0
2852,2.0
3318,2.0
3545,2.0
3551,2.0
3670,2.0
313,2.0
1347,2.0
2664,2.0
3034,2.0
3632,2.0
620,2.0
1415,2.0
2245,2.0
2753,2.0
2892,2.0
266,2.0
520,2.0
691,2.0
858,2.0
1220,2.0
1231,2.0
1811,2.0
2127,2.0
2508,2.0
2809,2.0
2877,2.0
3033,2.0
3671,2.0
3731,2.0
556,2.0
1046,2.0
1089,2.0
1262,2.0
1863,2.0
2639,2.0
350,2.0
502,2.0
507,2.0
981,2.0
2012,2.0
2075,2.0
2199,2.0
2789,2.0
2810,2.0
2870,2.0
2894,2.0
3781,2.0
1004,2.0
1083,2.0
1176,2.0
1425,2.0
1495,2.0
2149,2.0
3471,2.0
619,2.0
676,2.0
1162,2.0
1488,2.0
2176,2.0
2578,2.0
2878,2.0
2959,2.0
3006,2.0
3242,2.0
3803,2.0
1286,2.0
1905,2.0
2939,2.0
811,2.0
864,2.0
1100,2.0
1198,2.0
1368,2.0
2135,2.0
2435,2.0
2815,2.0
3337,2.0
871,2.0
2925,2.0
1256,2.0
3572,2.0
508,2.0
1735,2.0
1757,2.0
2449,2.0
2792,2.0
3024,2.0
3202,2.0
3742,2.0
1132,2.0
2021,2.0
3012,2.0
926,2.0
1165,2.0
1446,2.0
1551,2.0
1723,2.0
2350,2.0
2649,2.0
3342,2.0
3662,2.0
657,2.0
1020,2.0
1451,2.0
1943,2.0
2955,2.0
3392,2.0
1143,2.0
2442,2.0
1295,2.0
1297,2.0
1321,2.0
1589,2.0
1726,2.0
2609,2.0
3140,2.0
3565,2.0
3732,2.0
109,2.0
250,2.0
464,2.0
1430,2.0
3680,2.0
3812,2.0
398,2.0
1468,2.0
183,2.0
208,2.0
210,2.0
482,2.0
498,2.0
826,2.0
2813,2.0
3221,2.0
3236,2.0
20,2.0
45,2.0
558,2.0
605,2.0
1402,2.0
1957,2.0
2051,2.0
2539,2.0
2698,2.0
2763,2.0
3004,2.0
3117,2.0
3550,2.0
3692,2.0
3871,2.0
131,2.0
246,2.0
444,2.0
595,2.0
1264,2.0
1936,2.0
2229,2.0
2298,2.0
2709,2.0
2977,2.0
696,2.0
1022,2.0
1403,2.0
1408,2.0
203,2.0
296,2.0
328,2.0
600,2.0
3325,2.0
677,2.0
1154,2.0
1206,2.0
2468,2.0
2653,2.0
3219,2.0
1248,2.0
1763,2.0
1874,2.0
2667,2.0
3066,2.0
3180,2.0
3317,2.0
3523,2.0
3654,2.0
3770,2.0
112,2.0
775,2.0
1012,2.0
3686,2.0
467,2.0
764,2.0
877,2.0
915,2.0
1168,2.0
1380,2.0
1603,2.0
2315,2.0
2414,2.0
3363,2.0
301,2.0
1567,2.0
1922,2.0
1952,2.0
3239,2.0
3385,2.0
3750,2.0
1593,2.0
1777,2.0
2353,2.0
2891,2.0
2963,2.0
3028,2.0
3647,2.0
349,2.0
564,2.0
1119,2.0
1140,2.0
1146,2.0
1555,2.0
2162,2.0
2330,2.0
2687,2.0
3088,2.0
3141,2.0
3177,2.0
3343,2.0
312,2.0
1277,2.0
2255,2.0
2721,2.0
2750,2.0
2828,2.0
3010,2.0
3452,2.0
115,2.0
940,2.0
1940,2.0
1978,2.0
2416,2.0
2745,2.0
3194,2.0
3248,2.0
272,2.0
820,2.0
861,2.0
2026,2.0
3120,2.0
3233,2.0
3614,2.0
651,2.0
667,2.0
810,2.0
991,2.0
999,2.0
1233,2.0
1285,2.0
1491,2.0
2284,2.0
2857,2.0
3193,2.0
148,2.0
565,2.0
1051,2.0
1194,2.0
2119,2.0
2588,2.0
2832,2.0
3245,2.0
793,2.0
1618,2.0
1691,2.0
1865,2.0
2591,2.0
3416,2.0
3668,2.0
530,2.0
1135,2.0
1308,2.0
1553,2.0
1839,2.0
2235,2.0
2924,2.0
3199,2.0
3234,2.0
3751,2.0
3827,2.0
230,1.0
357,1.0
413,1.0
465,1.0
487,1.0
585,1.0
650,1.0
670,1.0
682,1.0
710,1.0
711,1.0
874,1.0
1039,1.0
1047,1.0
1071,1.0
1110,1.0
1158,1.0
1249,1.0
1305,1.0
1332,1.0
1345,1.0
1533,1.0
1556,1.0
1596,1.0
1707,1.0
1764,1.0
1824,1.0
1830,1.0
1945,1.0
1946,1.0
1972,1.0
2098,1.0
2203,1.0
2206,1.0
2241,1.0
2332,1.0
2345,1.0
2382,1.0
2455,1.0
2510,1.0
2516,1.0
2622,1.0
2632,1.0
2663,1.0
2669,1.0
2678,1.0
2704,1.0
2736,1.0
2844,1.0
2954,1.0
3037,1.0
3042,1.0
3083,1.0
3108,1.0
3115,1.0
3116,1.0
3162,1.0
3191,1.0
3209,1.0
3229,1.0
3267,1.0
3283,1.0
3305,1.0
3329,1.0
3336,1.0
3387,1.0
3489,1.0
3594,1.0
3741,1.0
3744,1.0
3774,1.0
3782,1.0
3862,1.0
10,1.0
127,1.0
292,1.0
472,1.0
478,1.0
506,1.0
685,1.0
717,1.0
779,1.0
804,1.0
848,1.0
904,1.0
1009,1.0
1017,1.0
1084,1.0
1101,1.0
1292,1.0
1370,1.0
1458,1.0
1632,1.0
1814,1.0
1815,1.0
1841,1.0
1907,1.0
2038,1.0
2044,1.0
2055,1.0
2073,1.0
2111,1.0
2130,1.0
2145,1.0
2172,1.0
2184,1.0
2257,1.0
2452,1.0
2467,1.0
2518,1.0
2569,1.0
2601,1.0
2617,1.0
2691,1.0
2699,1.0
2781,1.0
2889,1.0
3001,1.0
3069,1.0
3080,1.0
3172,1.0
3216,1.0
3253,1.0
3264,1.0
3290,1.0
3308,1.0
3365,1.0
3388,1.0
3624,1.0
3626,1.0
3726,1.0
3763,1.0
3769,1.0
3855,1.0
298,1.0
387,1.0
560,1.0
742,1.0
971,1.0
1099,1.0
1121,1.0
1160,1.0
1228,1.0
1252,1.0
1284,1.0
1319,1.0
1377,1.0
1389,1.0
1455,1.0
1504,1.0
1577,1.0
1612,1.0
1672,1.0
1732,1.0
1749,1.0
1778,1.0
1843,1.0
1963,1.0
2023,1.0
2082,1.0
2088,1.0
2097,1.0
2132,1.0
2196,1.0
2213,1.0
2453,1.0
2562,1.0
2645,1.0
2682,1.0
2683,1.0
2766,1.0
2798,1.0
2808,1.0
2884,1.0
2886,1.0
2986,1.0
3070,1.0
3175,1.0
3222,1.0
3298,1.0
3311,1.0
3323,1.0
3389,1.0
3411,1.0
3478,1.0
3528,1.0
3566,1.0
3627,1.0
3637,1.0
3717,1.0
50,1.0
113,1.0
386,1.0
470,1.0
486,1.0
638,1.0
642,1.0
698,1.0
737,1.0
814,1.0
818,1.0
880,1.0
1065,1.0
1122,1.0
1134,1.0
1167,1.0
1328,1.0
1331,1.0
1364,1.0
1394,1.0
1456,1.0
1547,1.0
1743,1.0
1766,1.0
1831,1.0
1856,1.0
1873,1.0
1928,1.0
2071,1.0
2102,1.0
2171,1.0
2191,1.0
2221,1.0
2376,1.0
2400,1.0
2427,1.0
2482,1.0
2492,1.0
2568,1.0
2597,1.0
2668,1.0
2688,1.0
2692,1.0
2701,1.0
2719,1.0
2776,1.0
2797,1.0
2818,1.0
2824,1.0
2928,1.0
2965,1.0
3056,1.0
3125,1.0
3137,1.0
3244,1.0
3276,1.0
3284,1.0
3316,1.0
3320,1.0
3405,1.0
3512,1.0
3553,1.0
3611,1.0
3613,1.0
3873,1.0
111,1.0
143,1.0
179,1.0
410,1.0
492,1.0
641,1.0
708,1.0
735,1.0
788,1.0
812,1.0
1007,1.0
1026,1.0
1067,1.0
1131,1.0
1164,1.0
1209,1.0
1211,1.0
1229,1.0
1245,1.0
1280,1.0
1329,1.0
1344,1.0
1407,1.0
1437,1.0
1536,1.0
1579,1.0
1620,1.0
1640,1.0
1693,1.0
1710,1.0
1733,1.0
1739,1.0
1758,1.0
1800,1.0
1809,1.0
1847,1.0
1850,1.0
1900,1.0
1979,1.0
2009,1.0
2072,1.0
2091,1.0
2095,1.0
2124,1.0
2136,1.0
2166,1.0
2180,1.0
2256,1.0
2296,1.0
2303,1.0
2334,1.0
2343,1.0
2346,1.0
2375,1.0
2445,1.0
2458,1.0
2483,1.0
2509,1.0
2511,1.0
2526,1.0
2531,1.0
2567,1.0
2714,1.0
2720,1.0
2724,1.0
2740,1.0
2788,1.0
2833,1.0
2836,1.0
2948,1.0
2968,1.0
3016,1.0
3061,1.0
3081,1.0
3109,1.0
3143,1.0
3146,1.0
3150,1.0
3158,1.0
3197,1.0
3272,1.0
3310,1.0
3324,1.0
3332,1.0
3374,1.0
3403,1.0
3431,1.0
3485,1.0
3502,1.0
3508,1.0
3539,1.0
3563,1.0
3628,1.0
3636,1.0
3674,1.0
3758,1.0
3805,1.0
3831,1.0
3847,1.0
360,1.0
466,1.0
496,1.0
704,1.0
714,1.0
765,1.0
867,1.0
885,1.0
924,1.0
975,1.0
989,1.0
997,1.0
1015,1.0
1183,1.0
1263,1.0
1393,1.0
1464,1.0
1487,1.0
1562,1.0
1611,1.0
1619,1.0
1663,1.0
1720,1.0
1823,1.0
1904,1.0
1923,1.0
2024,1.0
2077,1.0
2122,1.0
2230,1.0
2259,1.0
2279,1.0
2339,1.0
2340,1.0
2358,1.0
2396,1.0
2443,1.0
2501,1.0
2561,1.0
2570,1.0
2580,1.0
2722,1.0
2732,1.0
2748,1.0
2758,1.0
2790,1.0
2864,1.0
2921,1.0
2961,1.0
3005,1.0
3017,1.0
3038,1.0
3049,1.0
3072,1.0
3113,1.0
3196,1.0
3297,1.0
3327,1.0
3364,1.0
3397,1.0
3480,1.0
3699,1.0
3853,1.0
3876,1.0
55,1.0
202,1.0
281,1.0
285,1.0
396,1.0
414,1.0
439,1.0
462,1.0
569,1.0
602,1.0
652,1.0
730,1.0
854,1.0
857,1.0
939,1.0
974,1.0
1068,1.0
1092,1.0
1234,1.0
1235,1.0
1298,1.0
1299,1.0
1521,1.0
1647,1.0
1744,1.0
1838,1.0
1869,1.0
1879,1.0
1891,1.0
1906,1.0
1910,1.0
1958,1.0
1973,1.0
2001,1.0
2010,1.0
2016,1.0
2133,1.0
2175,1.0
2210,1.0
2219,1.0
2373,1.0
2379,1.0
2405,1.0
2423,1.0
2473,1.0
2494,1.0
2503,1.0
2551,1.0
2628,1.0
2650,1.0
2718,1.0
2751,1.0
2760,1.0
2887,1.0
2971,1.0
3104,1.0
3171,1.0
3215,1.0
3322,1.0
3338,1.0
3513,1.0
3589,1.0
3592,1.0
3759,1.0
3869,1.0
3875,1.0
173,1.0
204,1.0
212,1.0
217,1.0
379,1.0
382,1.0
389,1.0
406,1.0
459,1.0
519,1.0
536,1.0
567,1.0
586,1.0
588,1.0
607,1.0
726,1.0
777,1.0
843,1.0
851,1.0
872,1.0
894,1.0
903,1.0
911,1.0
1048,1.0
1072,1.0
1129,1.0
1155,1.0
1201,1.0
1208,1.0
1216,1.0
1222,1.0
1271,1.0
1274,1.0
1307,1.0
1480,1.0
1602,1.0
1606,1.0
1714,1.0
1715,1.0
1718,1.0
1746,1.0
1803,1.0
1836,1.0
1840,1.0
1868,1.0
1953,1.0
2061,1.0
2062,1.0
2079,1.0
2110,1.0
2148,1.0
2155,1.0
2274,1.0
2312,1.0
2335,1.0
2380,1.0
2406,1.0
2463,1.0
2466,1.0
2493,1.0
2507,1.0
2527,1.0
2549,1.0
2599,1.0
2689,1.0
2711,1.0
2726,1.0
2734,1.0
2755,1.0
2784,1.0
2787,1.0
2817,1.0
2823,1.0
2867,1.0
2908,1.0
3003,1.0
3027,1.0
3041,1.0
3046,1.0
3055,1.0
3111,1.0
3148,1.0
3208,1.0
3225,1.0
3417,1.0
3438,1.0
3446,1.0
3496,1.0
3526,1.0
3529,1.0
3677,1.0
3703,1.0
3778,1.0
3817,1.0
60,1.0
110,1.0
172,1.0
222,1.0
283,1.0
381,1.0
428,1.0
443,1.0
680,1.0
700,1.0
716,1.0
725,1.0
728,1.0
780,1.0
986,1.0
994,1.0
1103,1.0
1148,1.0
1150,1.0
1174,1.0
1210,1.0
1227,1.0
1258,1.0
1302,1.0
1338,1.0
1351,1.0
1362,1.0
1391,1.0
1397,1.0
1477,1.0
1584,1.0
1642,1.0
1706,1.0
1769,1.0
1808,1.0
1851,1.0
1929,1.0
2045,1.0
2114,1.0
2141,1.0
2156,1.0
2161,1.0
2547,1.0
2566,1.0
2576,1.0
2602,1.0
2630,1.0
2635,1.0
2702,1.0
2723,1.0
2775,1.0
2949,1.0
2978,1.0
3039,1.0
3217,1.0
3250,1.0
3289,1.0
3326,1.0
3384,1.0
3506,1.0
3536,1.0
3567,1.0
3578,1.0
3586,1.0
3641,1.0
3711,1.0
3761,1.0
3788,1.0
3818,1.0
59,1.0
119,1.0
149,1.0
251,1.0
375,1.0
405,1.0
436,1.0
453,1.0
469,1.0
484,1.0
501,1.0
570,1.0
590,1.0
672,1.0
683,1.0
766,1.0
827,1.0
906,1.0
917,1.0
933,1.0
953,1.0
1057,1.0
1064,1.0
1139,1.0
1171,1.0
1236,1.0
1247,1.0
1266,1.0
1309,1.0
1316,1.0
1444,1.0
1459,1.0
1498,1.0
1753,1.0
1772,1.0
1791,1.0
1825,1.0
1832,1.0
1897,1.0
1916,1.0
1947,1.0
1950,1.0
2018,1.0
2043,1.0
2048,1.0
2101,1.0
2131,1.0
2159,1.0
2211,1.0
2282,1.0
2324,1.0
2383,1.0
2390,1.0
2424,1.0
2504,1.0
2534,1.0
2564,1.0
2681,1.0
2725,1.0
2773,1.0
2829,1.0
2840,1.0
2841,1.0
2848,1.0
2849,1.0
2863,1.0
2983,1.0
3022,1.0
3144,1.0
3163,1.0
3186,1.0
3299,1.0
3407,1.0
3467,1.0
3474,1.0
3532,1.0
3616,1.0
3663,1.0
3688,1.0
3689,1.0
3691,1.0
3835,1.0
13,0.0
15,0.0
16,0.0
19,0.0
29,0.0
31,0.0
34,0.0
44,0.0
47,0.0
48,0.0
51,0.0
54,0.0
57,0.0
58,0.0
61,0.0
62,0.0
63,0.0
68,0.0
69,0.0
70,0.0
72,0.0
73,0.0
76,0.0
84,0.0
89,0.0
91,0.0
108,0.0
114,0.0
121,0.0
122,0.0
123,0.0
124,0.0
125,0.0
129,0.0
130,0.0
134,0.0
147,0.0
150,0.0
152,0.0
164,0.0
165,0.0
166,0.0
168,0.0
169,0.0
174,0.0
175,0.0
177,0.0
178,0.0
180,0.0
181,0.0
184,0.0
185,0.0
186,0.0
187,0.0
188,0.0
189,0.0
192,0.0
193,0.0
194,0.0
205,0.0
209,0.0
211,0.0
213,0.0
216,0.0
219,0.0
223,0.0
226,0.0
227,0.0
234,0.0
235,0.0
239,0.0
241,0.0
247,0.0
267,0.0
278,0.0
284,0.0
288,0.0
291,0.0
294,0.0
300,0.0
303,0.0
310,0.0
311,0.0
316,0.0
320,0.0
339,0.0
340,0.0
345,0.0
351,0.0
352,0.0
361,0.0
383,0.0
384,0.0
385,0.0
388,0.0
390,0.0
392,0.0
393,0.0
394,0.0
397,0.0
399,0.0
400,0.0
401,0.0
402,0.0
403,0.0
407,0.0
408,0.0
409,0.0
415,0.0
416,0.0
417,0.0
418,0.0
419,0.0
420,0.0
422,0.0
423,0.0
424,0.0
425,0.0
426,0.0
427,0.0
429,0.0
430,0.0
431,0.0
432,0.0
434,0.0
440,0.0
441,0.0
442,0.0
447,0.0
449,0.0
450,0.0
451,0.0
454,0.0
455,0.0
457,0.0
458,0.0
460,0.0
463,0.0
468,0.0
471,0.0
473,0.0
474,0.0
475,0.0
476,0.0
477,0.0
480,0.0
481,0.0
483,0.0
485,0.0
488,0.0
490,0.0
491,0.0
493,0.0
494,0.0
495,0.0
497,0.0
500,0.0
503,0.0
504,0.0
505,0.0
509,0.0
510,0.0
511,0.0
512,0.0
513,0.0
514,0.0
515,0.0
516,0.0
518,0.0
521,0.0
523,0.0
524,0.0
525,0.0
526,0.0
527,0.0
528,0.0
532,0.0
533,0.0
534,0.0
535,0.0
537,0.0
538,0.0
539,0.0
540,0.0
541,0.0
542,0.0
544,0.0
546,0.0
547,0.0
548,0.0
550,0.0
552,0.0
554,0.0
555,0.0
557,0.0
559,0.0
561,0.0
562,0.0
563,0.0
566,0.0
568,0.0
571,0.0
572,0.0
573,0.0
574,0.0
575,0.0
576,0.0
577,0.0
578,0.0
580,0.0
581,0.0
582,0.0
583,0.0
584,0.0
587,0.0
589,0.0
591,0.0
592,0.0
593,0.0
594,0.0
596,0.0
597,0.0
598,0.0
599,0.0
601,0.0
603,0.0
604,0.0
606,0.0
608,0.0
609,0.0
610,0.0
612,0.0
614,0.0
615,0.0
616,0.0
617,0.0
618,0.0
621,0.0
624,0.0
625,0.0
626,0.0
627,0.0
629,0.0
630,0.0
631,0.0
632,0.0
633,0.0
634,0.0
636,0.0
637,0.0
639,0.0
640,0.0
643,0.0
645,0.0
647,0.0
649,0.0
653,0.0
656,0.0
659,0.0
660,0.0
661,0.0
663,0.0
664,0.0
668,0.0
669,0.0
671,0.0
673,0.0
674,0.0
679,0.0
681,0.0
684,0.0
687,0.0
688,0.0
689,0.0
690,0.0
692,0.0
693,0.0
694,0.0
695,0.0
697,0.0
701,0.0
702,0.0
703,0.0
706,0.0
709,0.0
713,0.0
715,0.0
720,0.0
721,0.0
722,0.0
729,0.0
732,0.0
734,0.0
736,0.0
738,0.0
739,0.0
741,0.0
743,0.0
744,0.0
745,0.0
746,0.0
747,0.0
748,0.0
749,0.0
750,0.0
751,0.0
752,0.0
753,0.0
754,0.0
755,0.0
756,0.0
757,0.0
758,0.0
759,0.0
762,0.0
767,0.0
768,0.0
769,0.0
770,0.0
771,0.0
772,0.0
774,0.0
776,0.0
781,0.0
782,0.0
783,0.0
785,0.0
786,0.0
787,0.0
789,0.0
790,0.0
791,0.0
792,0.0
794,0.0
796,0.0
797,0.0
798,0.0
799,0.0
802,0.0
805,0.0
807,0.0
808,0.0
809,0.0
813,0.0
815,0.0
816,0.0
817,0.0
819,0.0
821,0.0
822,0.0
823,0.0
824,0.0
825,0.0
828,0.0
829,0.0
830,0.0
831,0.0
832,0.0
833,0.0
834,0.0
835,0.0
836,0.0
837,0.0
838,0.0
840,0.0
841,0.0
842,0.0
844,0.0
845,0.0
846,0.0
847,0.0
849,0.0
850,0.0
852,0.0
855,0.0
856,0.0
859,0.0
860,0.0
862,0.0
863,0.0
869,0.0
870,0.0
873,0.0
875,0.0
876,0.0
878,0.0
879,0.0
881,0.0
882,0.0
883,0.0
884,0.0
886,0.0
887,0.0
889,0.0
890,0.0
891,0.0
892,0.0
893,0.0
895,0.0
896,0.0
897,0.0
898,0.0
899,0.0
900,0.0
901,0.0
902,0.0
905,0.0
909,0.0
910,0.0
912,0.0
914,0.0
916,0.0
918,0.0
919,0.0
920,0.0
921,0.0
922,0.0
925,0.0
927,0.0
928,0.0
929,0.0
930,0.0
931,0.0
934,0.0
935,0.0
936,0.0
938,0.0
941,0.0
943,0.0
944,0.0
945,0.0
946,0.0
947,0.0
948,0.0
949,0.0
950,0.0
951,0.0
952,0.0
954,0.0
955,0.0
956,0.0
957,0.0
958,0.0
959,0.0
960,0.0
961,0.0
962,0.0
963,0.0
965,0.0
966,0.0
967,0.0
968,0.0
969,0.0
970,0.0
972,0.0
973,0.0
976,0.0
977,0.0
979,0.0
980,0.0
983,0.0
984,0.0
985,0.0
987,0.0
988,0.0
990,0.0
993,0.0
995,0.0
996,0.0
998,0.0
1001,0.0
1002,0.0
1003,0.0
1008,0.0
1010,0.0
1014,0.0
1016,0.0
1018,0.0
1024,0.0
1027,0.0
1030,0.0
1032,0.0
1033,0.0
1034,0.0
1037,0.0
1038,0.0
1040,0.0
1041,0.0
1042,0.0
1043,0.0
1044,0.0
1045,0.0
1049,0.0
1050,0.0
1052,0.0
1053,0.0
1055,0.0
1059,0.0
1060,0.0
1061,0.0
1062,0.0
1063,0.0
1066,0.0
1069,0.0
1070,0.0
1073,0.0
1074,0.0
1075,0.0
1076,0.0
1077,0.0
1078,0.0
1079,0.0
1080,0.0
1081,0.0
1082,0.0
1085,0.0
1086,0.0
1087,0.0
1088,0.0
1090,0.0
1091,0.0
1093,0.0
1094,0.0
1095,0.0
1096,0.0
1097,0.0
1102,0.0
1104,0.0
1105,0.0
1106,0.0
1107,0.0
1109,0.0
1112,0.0
1113,0.0
1116,0.0
1117,0.0
1118,0.0
1120,0.0
1123,0.0
1124,0.0
1125,0.0
1126,0.0
1127,0.0
1128,0.0
1130,0.0
1133,0.0
1136,0.0
1137,0.0
1138,0.0
1142,0.0
1144,0.0
1145,0.0
1147,0.0
1149,0.0
1151,0.0
1152,0.0
1153,0.0
1157,0.0
1161,0.0
1163,0.0
1166,0.0
1169,0.0
1172,0.0
1173,0.0
1177,0.0
1178,0.0
1179,0.0
1180,0.0
1181,0.0
1182,0.0
1184,0.0
1186,0.0
1187,0.0
1188,0.0
1189,0.0
1190,0.0
1191,0.0
1192,0.0
1193,0.0
1196,0.0
1197,0.0
1200,0.0
1202,0.0
1203,0.0
1205,0.0
1207,0.0
1212,0.0
1214,0.0
1215,0.0
1217,0.0
1218,0.0
1219,0.0
1221,0.0
1223,0.0
1224,0.0
1225,0.0
1230,0.0
1232,0.0
1237,0.0
1238,0.0
1241,0.0
1242,0.0
1243,0.0
1246,0.0
1250,0.0
1251,0.0
1253,0.0
1254,0.0
1255,0.0
1257,0.0
1259,0.0
1260,0.0
1261,0.0
1265,0.0
1267,0.0
1268,0.0
1269,0.0
1270,0.0
1272,0.0
1275,0.0
1276,0.0
1278,0.0
1279,0.0
1281,0.0
1282,0.0
1283,0.0
1287,0.0
1288,0.0
1289,0.0
1290,0.0
1291,0.0
1293,0.0
1294,0.0
1300,0.0
1301,0.0
1303,0.0
1304,0.0
1306,0.0
1310,0.0
1311,0.0
1312,0.0
1313,0.0
1314,0.0
1315,0.0
1317,0.0
1325,0.0
1326,0.0
1330,0.0
1333,0.0
1334,0.0
1335,0.0
1337,0.0
1339,0.0
1340,0.0
1342,0.0
1343,0.0
1346,0.0
1348,0.0
1349,0.0
1350,0.0
1352,0.0
1353,0.0
1354,0.0
1355,0.0
1356,0.0
1357,0.0
1358,0.0
1360,0.0
1361,0.0
1363,0.0
1365,0.0
1366,0.0
1367,0.0
1369,0.0
1372,0.0
1373,0.0
1374,0.0
1375,0.0
1376,0.0
1378,0.0
1379,0.0
1381,0.0
1382,0.0
1383,0.0
1384,0.0
1385,0.0
1386,0.0
1387,0.0
1388,0.0
1390,0.0
1392,0.0
1395,0.0
1396,0.0
1398,0.0
1401,0.0
1404,0.0
1406,0.0
1409,0.0
1410,0.0
1414,0.0
1416,0.0
1418,0.0
1419,0.0
1420,0.0
1421,0.0
1422,0.0
1423,0.0
1424,0.0
1426,0.0
1427,0.0
1428,0.0
1431,0.0
1432,0.0
1433,0.0
1434,0.0
1435,0.0
1436,0.0
1438,0.0
1439,0.0
1440,0.0
1441,0.0
1442,0.0
1443,0.0
1445,0.0
1447,0.0
1448,0.0
1449,0.0
1450,0.0
1452,0.0
1453,0.0
1454,0.0
1463,0.0
1465,0.0
1466,0.0
1469,0.0
1471,0.0
1472,0.0
1473,0.0
1474,0.0
1475,0.0
1476,0.0
1478,0.0
1479,0.0
1483,0.0
1485,0.0
1490,0.0
1492,0.0
1493,0.0
1494,0.0
1497,0.0
1499,0.0
1500,0.0
1502,0.0
1503,0.0
1505,0.0
1506,0.0
1507,0.0
1508,0.0
1509,0.0
1510,0.0
1511,0.0
1515,0.0
1516,0.0
1517,0.0
1519,0.0
1520,0.0
1524,0.0
1525,0.0
1527,0.0
1529,0.0
1530,0.0
1531,0.0
1532,0.0
1534,0.0
1535,0.0
1537,0.0
1538,0.0
1539,0.0
1540,0.0
1541,0.0
1542,0.0
1543,0.0
1545,0.0
1546,0.0
1548,0.0
1549,0.0
1550,0.0
1552,0.0
1554,0.0
1558,0.0
1559,0.0
1560,0.0
1561,0.0
1563,0.0
1565,0.0
1566,0.0
1568,0.0
1569,0.0
1571,0.0
1572,0.0
1573,0.0
1575,0.0
1578,0.0
1581,0.0
1582,0.0
1583,0.0
1586,0.0
1587,0.0
1588,0.0
1590,0.0
1591,0.0
1594,0.0
1595,0.0
1597,0.0
1598,0.0
1599,0.0
1600,0.0
1601,0.0
1605,0.0
1607,0.0
1608,0.0
1609,0.0
1610,0.0
1613,0.0
1614,0.0
1615,0.0
1616,0.0
1617,0.0
1621,0.0
1622,0.0
1623,0.0
1625,0.0
1626,0.0
1627,0.0
1628,0.0
1629,0.0
1630,0.0
1631,0.0
1634,0.0
1635,0.0
1636,0.0
1637,0.0
1639,0.0
1641,0.0
1644,0.0
1645,0.0
1646,0.0
1648,0.0
1652,0.0
1653,0.0
1654,0.0
1655,0.0
1656,0.0
1657,0.0
1658,0.0
1659,0.0
1660,0.0
1661,0.0
1662,0.0
1664,0.0
1665,0.0
1666,0.0
1667,0.0
1668,0.0
1669,0.0
1670,0.0
1671,0.0
1673,0.0
1674,0.0
1675,0.0
1676,0.0
1677,0.0
1678,0.0
1679,0.0
1680,0.0
1681,0.0
1683,0.0
1684,0.0
1685,0.0
1686,0.0
1687,0.0
1688,0.0
1689,0.0
1690,0.0
1692,0.0
1694,0.0
1695,0.0
1696,0.0
1697,0.0
1698,0.0
1699,0.0
1700,0.0
1701,0.0
1702,0.0
1703,0.0
1704,0.0
1708,0.0
1709,0.0
1712,0.0
1716,0.0
1717,0.0
1719,0.0
1721,0.0
1722,0.0
1724,0.0
1725,0.0
1727,0.0
1729,0.0
1730,0.0
1731,0.0
1734,0.0
1736,0.0
1737,0.0
1738,0.0
1740,0.0
1741,0.0
1742,0.0
1745,0.0
1747,0.0
1748,0.0
1750,0.0
1751,0.0
1752,0.0
1754,0.0
1756,0.0
1761,0.0
1762,0.0
1765,0.0
1767,0.0
1768,0.0
1770,0.0
1771,0.0
1773,0.0
1775,0.0
1776,0.0
1780,0.0
1781,0.0
1782,0.0
1783,0.0
1785,0.0
1786,0.0
1787,0.0
1788,0.0
1789,0.0
1790,0.0
1792,0.0
1793,0.0
1795,0.0
1796,0.0
1797,0.0
1798,0.0
1799,0.0
1801,0.0
1804,0.0
1805,0.0
1806,0.0
1807,0.0
1812,0.0
1813,0.0
1817,0.0
1818,0.0
1819,0.0
1821,0.0
1826,0.0
1827,0.0
1828,0.0
1833,0.0
1835,0.0
1837,0.0
1844,0.0
1845,0.0
1846,0.0
1848,0.0
1849,0.0
1852,0.0
1853,0.0
1854,0.0
1855,0.0
1857,0.0
1860,0.0
1861,0.0
1862,0.0
1866,0.0
1867,0.0
1870,0.0
1871,0.0
1872,0.0
1875,0.0
1876,0.0
1878,0.0
1880,0.0
1881,0.0
1882,0.0
1883,0.0
1884,0.0
1885,0.0
1886,0.0
1887,0.0
1888,0.0
1889,0.0
1890,0.0
1892,0.0
1893,0.0
1894,0.0
1895,0.0
1896,0.0
1898,0.0
1899,0.0
1901,0.0
1902,0.0
1903,0.0
1909,0.0
1911,0.0
1912,0.0
1913,0.0
1915,0.0
1917,0.0
1918,0.0
1919,0.0
1921,0.0
1924,0.0
1927,0.0
1930,0.0
1931,0.0
1932,0.0
1933,0.0
1934,0.0
1935,0.0
1938,0.0
1939,0.0
1941,0.0
1944,0.0
1949,0.0
1954,0.0
1955,0.0
1956,0.0
1959,0.0
1960,0.0
1961,0.0
1964,0.0
1965,0.0
1967,0.0
1968,0.0
1971,0.0
1974,0.0
1975,0.0
1976,0.0
1981,0.0
1982,0.0
1983,0.0
1984,0.0
1985,0.0
1986,0.0
1987,0.0
1988,0.0
1989,0.0
1990,0.0
1991,0.0
1992,0.0
1994,0.0
1995,0.0
1996,0.0
1997,0.0
1999,0.0
2000,0.0
2002,0.0
2003,0.0
2004,0.0
2005,0.0
2006,0.0
2007,0.0
2008,0.0
2011,0.0
2014,0.0
2015,0.0
2017,0.0
2019,0.0
2020,0.0
2022,0.0
2025,0.0
2027,0.0
2028,0.0
2030,0.0
2031,0.0
2032,0.0
2033,0.0
2034,0.0
2035,0.0
2036,0.0
2037,0.0
2039,0.0
2040,0.0
2041,0.0
2042,0.0
2046,0.0
2049,0.0
2052,0.0
2053,0.0
2054,0.0
2058,0.0
2059,0.0
2063,0.0
2064,0.0
2065,0.0
2068,0.0
2070,0.0
2074,0.0
2080,0.0
2081,0.0
2083,0.0
2085,0.0
2092,0.0
2093,0.0
2094,0.0
2096,0.0
2099,0.0
2100,0.0
2103,0.0
2104,0.0
2105,0.0
2108,0.0
2112,0.0
2113,0.0
2116,0.0
2117,0.0
2118,0.0
2120,0.0
2121,0.0
2129,0.0
2134,0.0
2139,0.0
2140,0.0
2142,0.0
2144,0.0
2147,0.0
2154,0.0
2157,0.0
2158,0.0
2160,0.0
2165,0.0
2167,0.0
2168,0.0
2169,0.0
2170,0.0
2173,0.0
2174,0.0
2177,0.0
2178,0.0
2179,0.0
2181,0.0
2182,0.0
2183,0.0
2185,0.0
2186,0.0
2187,0.0
2188,0.0
2192,0.0
2193,0.0
2194,0.0
2195,0.0
2198,0.0
2201,0.0
2202,0.0
2207,0.0
2208,0.0
2214,0.0
2215,0.0
2216,0.0
2217,0.0
2218,0.0
2222,0.0
2223,0.0
2224,0.0
2225,0.0
2226,0.0
2228,0.0
2231,0.0
2232,0.0
2233,0.0
2236,0.0
2237,0.0
2242,0.0
2243,0.0
2246,0.0
2247,0.0
2248,0.0
2249,0.0
2250,0.0
2251,0.0
2252,0.0
2258,0.0
2260,0.0
2261,0.0
2263,0.0
2264,0.0
2265,0.0
2266,0.0
2267,0.0
2268,0.0
2269,0.0
2270,0.0
2271,0.0
2272,0.0
2273,0.0
2275,0.0
2276,0.0
2277,0.0
2278,0.0
2280,0.0
2281,0.0
2285,0.0
2286,0.0
2287,0.0
2288,0.0
2289,0.0
2290,0.0
2291,0.0
2292,0.0
2293,0.0
2294,0.0
2295,0.0
2297,0.0
2300,0.0
2301,0.0
2302,0.0
2304,0.0
2305,0.0
2307,0.0
2308,0.0
2309,0.0
2310,0.0
2311,0.0
2314,0.0
2318,0.0
2319,0.0
2320,0.0
2321,0.0
2322,0.0
2323,0.0
2325,0.0
2326,0.0
2327,0.0
2328,0.0
2329,0.0
2336,0.0
2337,0.0
2338,0.0
2341,0.0
2342,0.0
2348,0.0
2349,0.0
2351,0.0
2352,0.0
2354,0.0
2355,0.0
2356,0.0
2359,0.0
2360,0.0
2361,0.0
2362,0.0
2363,0.0
2364,0.0
2365,0.0
2366,0.0
2367,0.0
2368,0.0
2369,0.0
2370,0.0
2371,0.0
2372,0.0
2377,0.0
2384,0.0
2385,0.0
2386,0.0
2392,0.0
2394,0.0
2395,0.0
2397,0.0
2398,0.0
2399,0.0
2401,0.0
2402,0.0
2403,0.0
2404,0.0
2407,0.0
2408,0.0
2409,0.0
2410,0.0
2412,0.0
2413,0.0
2415,0.0
2417,0.0
2418,0.0
2419,0.0
2420,0.0
2421,0.0
2422,0.0
2425,0.0
2426,0.0
2428,0.0
2429,0.0
2430,0.0
2431,0.0
2432,0.0
2433,0.0
2436,0.0
2438,0.0
2439,0.0
2440,0.0
2444,0.0
2446,0.0
2447,0.0
2448,0.0
2450,0.0
2451,0.0
2456,0.0
2457,0.0
2459,0.0
2461,0.0
2465,0.0
2470,0.0
2471,0.0
2472,0.0
2477,0.0
2478,0.0
2479,0.0
2481,0.0
2484,0.0
2485,0.0
2486,0.0
2488,0.0
2489,0.0
2491,0.0
2495,0.0
2496,0.0
2498,0.0
2499,0.0
2500,0.0
2502,0.0
2506,0.0
2512,0.0
2513,0.0
2514,0.0
2519,0.0
2521,0.0
2522,0.0
2523,0.0
2524,0.0
2525,0.0
2532,0.0
2533,0.0
2535,0.0
2536,0.0
2537,0.0
2538,0.0
2540,0.0
2541,0.0
2542,0.0
2543,0.0
2545,0.0
2546,0.0
2548,0.0
2553,0.0
2554,0.0
2555,0.0
2556,0.0
2557,0.0
2558,0.0
2560,0.0
2563,0.0
2565,0.0
2571,0.0
2572,0.0
2573,0.0
2574,0.0
2579,0.0
2583,0.0
2586,0.0
2587,0.0
2590,0.0
2592,0.0
2593,0.0
2594,0.0
2595,0.0
2598,0.0
2600,0.0
2603,0.0
2605,0.0
2606,0.0
2608,0.0
2610,0.0
2611,0.0
2612,0.0
2613,0.0
2614,0.0
2615,0.0
2618,0.0
2619,0.0
2620,0.0
2621,0.0
2623,0.0
2624,0.0
2625,0.0
2626,0.0
2627,0.0
2629,0.0
2631,0.0
2633,0.0
2634,0.0
2636,0.0
2638,0.0
2641,0.0
2642,0.0
2643,0.0
2644,0.0
2646,0.0
2647,0.0
2648,0.0
2652,0.0
2654,0.0
2655,0.0
2656,0.0
2657,0.0
2658,0.0
2659,0.0
2660,0.0
2661,0.0
2662,0.0
2665,0.0
2666,0.0
2670,0.0
2671,0.0
2672,0.0
2675,0.0
2684,0.0
2685,0.0
2686,0.0
2690,0.0
2693,0.0
2694,0.0
2695,0.0
2696,0.0
2697,0.0
2700,0.0
2703,0.0
2705,0.0
2706,0.0
2707,0.0
2708,0.0
2710,0.0
2713,0.0
2715,0.0
2716,0.0
2717,0.0
2727,0.0
2729,0.0
2730,0.0
2733,0.0
2738,0.0
2739,0.0
2741,0.0
2742,0.0
2744,0.0
2746,0.0
2749,0.0
2754,0.0
2756,0.0
2757,0.0
2759,0.0
2761,0.0
2762,0.0
2765,0.0
2767,0.0
2768,0.0
2769,0.0
2770,0.0
2771,0.0
2772,0.0
2774,0.0
2777,0.0
2778,0.0
2779,0.0
2780,0.0
2782,0.0
2783,0.0
2786,0.0
2791,0.0
2793,0.0
2794,0.0
2795,0.0
2796,0.0
2799,0.0
2800,0.0
2801,0.0
2802,0.0
2803,0.0
2804,0.0
2805,0.0
2807,0.0
2811,0.0
2812,0.0
2814,0.0
2816,0.0
2819,0.0
2820,0.0
2821,0.0
2822,0.0
2825,0.0
2826,0.0
2827,0.0
2831,0.0
2834,0.0
2835,0.0
2837,0.0
2838,0.0
2839,0.0
2842,0.0
2846,0.0
2847,0.0
2850,0.0
2851,0.0
2853,0.0
2854,0.0
2855,0.0
2858,0.0
2859,0.0
2860,0.0
2861,0.0
2862,0.0
2865,0.0
2866,0.0
2868,0.0
2869,0.0
2871,0.0
2873,0.0
2874,0.0
2875,0.0
2876,0.0
2879,0.0
2880,0.0
2881,0.0
2882,0.0
2883,0.0
2885,0.0
2888,0.0
2890,0.0
2895,0.0
2896,0.0
2897,0.0
2898,0.0
2899,0.0
2900,0.0
2901,0.0
2902,0.0
2903,0.0
2906,0.0
2907,0.0
2909,0.0
2910,0.0
2911,0.0
2912,0.0
2913,0.0
2914,0.0
2915,0.0
2916,0.0
2917,0.0
2918,0.0
2919,0.0
2920,0.0
2922,0.0
2923,0.0
2927,0.0
2930,0.0
2931,0.0
2932,0.0
2933,0.0
2934,0.0
2935,0.0
2936,0.0
2938,0.0
2940,0.0
2941,0.0
2942,0.0
2943,0.0
2944,0.0
2945,0.0
2946,0.0
2950,0.0
2951,0.0
2952,0.0
2953,0.0
2956,0.0
2957,0.0
2958,0.0
2960,0.0
2962,0.0
2966,0.0
2967,0.0
2969,0.0
2970,0.0
2972,0.0
2973,0.0
2974,0.0
2975,0.0
2976,0.0
2979,0.0
2980,0.0
2982,0.0
2984,0.0
2985,0.0
2987,0.0
2988,0.0
2989,0.0
2990,0.0
2991,0.0
2992,0.0
2994,0.0
2995,0.0
2996,0.0
2997,0.0
2998,0.0
2999,0.0
3000,0.0
3007,0.0
3008,0.0
3009,0.0
3011,0.0
3014,0.0
3015,0.0
3020,0.0
3025,0.0
3026,0.0
3029,0.0
3031,0.0
3040,0.0
3045,0.0
3047,0.0
3050,0.0
3051,0.0
3052,0.0
3053,0.0
3054,0.0
3057,0.0
3058,0.0
3059,0.0
3060,0.0
3062,0.0
3063,0.0
3064,0.0
3065,0.0
3068,0.0
3071,0.0
3073,0.0
3075,0.0
3076,0.0
3077,0.0
3078,0.0
3079,0.0
3082,0.0
3084,0.0
3085,0.0
3086,0.0
3087,0.0
3089,0.0
3090,0.0
3091,0.0
3092,0.0
3093,0.0
3094,0.0
3095,0.0
3096,0.0
3097,0.0
3098,0.0
3099,0.0
3100,0.0
3101,0.0
3102,0.0
3103,0.0
3105,0.0
3106,0.0
3107,0.0
3110,0.0
3112,0.0
3114,0.0
3118,0.0
3119,0.0
3121,0.0
3123,0.0
3124,0.0
3127,0.0
3128,0.0
3129,0.0
3130,0.0
3131,0.0
3132,0.0
3133,0.0
3134,0.0
3135,0.0
3136,0.0
3138,0.0
3139,0.0
3142,0.0
3145,0.0
3147,0.0
3149,0.0
3151,0.0
3152,0.0
3153,0.0
3154,0.0
3155,0.0
3156,0.0
3159,0.0
3160,0.0
3161,0.0
3164,0.0
3165,0.0
3166,0.0
3168,0.0
3169,0.0
3170,0.0
3173,0.0
3174,0.0
3176,0.0
3178,0.0
3179,0.0
3181,0.0
3182,0.0
3183,0.0
3184,0.0
3185,0.0
3188,0.0
3189,0.0
3192,0.0
3195,0.0
3198,0.0
3200,0.0
3201,0.0
3205,0.0
3206,0.0
3207,0.0
3210,0.0
3212,0.0
3213,0.0
3214,0.0
3218,0.0
3220,0.0
3223,0.0
3224,0.0
3227,0.0
3232,0.0
3235,0.0
3237,0.0
3240,0.0
3241,0.0
3243,0.0
3246,0.0
3249,0.0
3252,0.0
3254,0.0
3255,0.0
3256,0.0
3259,0.0
3260,0.0
3261,0.0
3262,0.0
3263,0.0
3265,0.0
3268,0.0
3269,0.0
3270,0.0
3271,0.0
3273,0.0
3274,0.0
3275,0.0
3277,0.0
3278,0.0
3279,0.0
3280,0.0
3281,0.0
3282,0.0
3285,0.0
3286,0.0
3288,0.0
3291,0.0
3292,0.0
3293,0.0
3296,0.0
3300,0.0
3301,0.0
3302,0.0
3303,0.0
3307,0.0
3309,0.0
3312,0.0
3313,0.0
3314,0.0
3315,0.0
3319,0.0
3321,0.0
3328,0.0
3330,0.0
3331,0.0
3333,0.0
3335,0.0
3339,0.0
3340,0.0
3341,0.0
3345,0.0
3346,0.0
3347,0.0
3348,0.0
3349,0.0
3350,0.0
3351,0.0
3352,0.0
3353,0.0
3355,0.0
3356,0.0
3357,0.0
3358,0.0
3359,0.0
3361,0.0
3362,0.0
3366,0.0
3367,0.0
3368,0.0
3369,0.0
3370,0.0
3371,0.0
3372,0.0
3373,0.0
3375,0.0
3378,0.0
3379,0.0
3380,0.0
3381,0.0
3382,0.0
3383,0.0
3386,0.0
3390,0.0
3391,0.0
3393,0.0
3394,0.0
3395,0.0
3396,0.0
3398,0.0
3399,0.0
3400,0.0
3401,0.0
3402,0.0
3404,0.0
3408,0.0
3409,0.0
3410,0.0
3412,0.0
3413,0.0
3414,0.0
3415,0.0
3418,0.0
3419,0.0
3420,0.0
3421,0.0
3423,0.0
3424,0.0
3426,0.0
3427,0.0
3428,0.0
3429,0.0
3432,0.0
3433,0.0
3434,0.0
3435,0.0
3436,0.0
3437,0.0
3439,0.0
3441,0.0
3442,0.0
3443,0.0
3444,0.0
3445,0.0
3447,0.0
3448,0.0
3449,0.0
3450,0.0
3451,0.0
3453,0.0
3455,0.0
3457,0.0
3458,0.0
3459,0.0
3460,0.0
3461,0.0
3462,0.0
3463,0.0
3464,0.0
3465,0.0
3466,0.0
3468,0.0
3469,0.0
3470,0.0
3472,0.0
3475,0.0
3476,0.0
3477,0.0
3479,0.0
3481,0.0
3482,0.0
3483,0.0
3484,0.0
3487,0.0
3488,0.0
3491,0.0
3492,0.0
3494,0.0
3495,0.0
3497,0.0
3498,0.0
3499,0.0
3500,0.0
3501,0.0
3503,0.0
3504,0.0
3507,0.0
3509,0.0
3510,0.0
3511,0.0
3514,0.0
3515,0.0
3517,0.0
3518,0.0
3519,0.0
3520,0.0
3521,0.0
3522,0.0
3524,0.0
3525,0.0
3527,0.0
3530,0.0
3533,0.0
3534,0.0
3535,0.0
3537,0.0
3538,0.0
3540,0.0
3541,0.0
3542,0.0
3543,0.0
3544,0.0
3546,0.0
3547,0.0
3548,0.0
3552,0.0
3555,0.0
3556,0.0
3557,0.0
3559,0.0
3561,0.0
3562,0.0
3564,0.0
3568,0.0
3569,0.0
3570,0.0
3571,0.0
3574,0.0
3575,0.0
3576,0.0
3577,0.0
3579,0.0
3580,0.0
3581,0.0
3582,0.0
3583,0.0
3585,0.0
3588,0.0
3591,0.0
3593,0.0
3595,0.0
3596,0.0
3597,0.0
3598,0.0
3599,0.0
3600,0.0
3601,0.0
3602,0.0
3603,0.0
3604,0.0
3605,0.0
3606,0.0
3607,0.0
3608,0.0
3610,0.0
3612,0.0
3615,0.0
3617,0.0
3618,0.0
3619,0.0
3620,0.0
3621,0.0
3622,0.0
3623,0.0
3625,0.0
3629,0.0
3630,0.0
3633,0.0
3638,0.0
3639,0.0
3640,0.0
3642,0.0
3643,0.0
3644,0.0
3645,0.0
3646,0.0
3649,0.0
3650,0.0
3651,0.0
3652,0.0
3653,0.0
3655,0.0
3656,0.0
3657,0.0
3658,0.0
3659,0.0
3660,0.0
3661,0.0
3664,0.0
3665,0.0
3667,0.0
3672,0.0
3673,0.0
3675,0.0
3676,0.0
3678,0.0
3679,0.0
3682,0.0
3683,0.0
3684,0.0
3685,0.0
3690,0.0
3693,0.0
3694,0.0
3696,0.0
3698,0.0
3700,0.0
3701,0.0
3702,0.0
3705,0.0
3706,0.0
3707,0.0
3708,0.0
3710,0.0
3712,0.0
3713,0.0
3714,0.0
3715,0.0
3716,0.0
3718,0.0
3719,0.0
3720,0.0
3721,0.0
3722,0.0
3723,0.0
3724,0.0
3725,0.0
3728,0.0
3729,0.0
3730,0.0
3733,0.0
3734,0.0
3735,0.0
3736,0.0
3737,0.0
3738,0.0
3739,0.0
3740,0.0
3743,0.0
3745,0.0
3747,0.0
3748,0.0
3749,0.0
3752,0.0
3753,0.0
3754,0.0
3756,0.0
3760,0.0
3762,0.0
3764,0.0
3765,0.0
3766,0.0
3767,0.0
3768,0.0
3771,0.0
3772,0.0
3773,0.0
3775,0.0
3776,0.0
3777,0.0
3779,0.0
3780,0.0
3783,0.0
3785,0.0
3786,0.0
3787,0.0
3789,0.0
3790,0.0
3792,0.0
3793,0.0
3794,0.0
3795,0.0
3797,0.0
3798,0.0
3799,0.0
3800,0.0
3801,0.0
3802,0.0
3804,0.0
3806,0.0
3807,0.0
3808,0.0
3811,0.0
3813,0.0
3814,0.0
3815,0.0
3816,0.0
3819,0.0
3820,0.0
3821,0.0
3822,0.0
3823,0.0
3825,0.0
3826,0.0
3828,0.0
3829,0.0
3830,0.0
3832,0.0
3833,0.0
3834,0.0
3836,0.0
3837,0.0
3838,0.0
3839,0.0
3840,0.0
3841,0.0
3843,0.0
3844,0.0
3845,0.0
3846,0.0
3848,0.0
3849,0.0
3850,0.0
3851,0.0
3852,0.0
3854,0.0
3856,0.0
3858,0.0
3859,0.0
3860,0.0
3863,0.0
3864,0.0
3865,0.0
3866,0.0
3867,0.0
3872,0.0
3874,0.0
3878,0.0
3879,0.0
3880,0.0
3881,0.0
